{"meta":{"version":1,"warehouse":"4.0.2"},"models":{"Asset":[{"_id":"themes/geek/source/css/style.css","path":"css/style.css","modified":0,"renderable":1},{"_id":"themes/geek/source/images/cloud.jpg","path":"images/cloud.jpg","modified":0,"renderable":1},{"_id":"themes/geek/source/images/mobile-apps.jpg","path":"images/mobile-apps.jpg","modified":0,"renderable":1},{"_id":"themes/geek/source/images/web-dev.jpg","path":"images/web-dev.jpg","modified":0,"renderable":1},{"_id":"themes/geek/source/js/main.js","path":"js/main.js","modified":0,"renderable":1},{"_id":"themes/geek/source/js/search.js","path":"js/search.js","modified":0,"renderable":1}],"Cache":[{"_id":"source/_data/services.yml","hash":"24b62962b7a289fd700bc608dc4001575228eb7c","modified":1731941710884},{"_id":"source/_posts/hello-world.md","hash":"3512fe66a84059635ba6e956f2b07403d2db8a89","modified":1731931825811},{"_id":"source/about/index.md","hash":"7a2257ece2a46cefdf5724aa93dbc17f3fb6e655","modified":1731931105639},{"_id":"source/services/index.md","hash":"2e64e3e95f207cb8281ddf7faece948690b3a13b","modified":1731931105639},{"_id":"source/services/cloud/index.md","hash":"5f6a82ee082f2f6948ec293b4281268751073983","modified":1731931105639},{"_id":"source/services/mobile-apps/index.md","hash":"1bf2250a4351de017969546ea5ffbba069cbf6fa","modified":1731931105639},{"_id":"source/services/web-development/index.md","hash":"15a1911a62280c847fa775e1150f60e1be340260","modified":1731931105639},{"_id":"themes/geek/layout/archive.ejs","hash":"e5911d3d3379db9a919ce14478bffcef51190607","modified":1731931105639},{"_id":"themes/geek/layout/index.ejs","hash":"e477a2aacc5f5ba770c677420880a107663882ff","modified":1731931105639},{"_id":"themes/geek/layout/layout.ejs","hash":"011fba2f9a57dca16a3fcbb6fdc46278e50476e7","modified":1731945708643},{"_id":"themes/geek/layout/page.ejs","hash":"7751da9c648aca0fc846e6ce66d2d989a26efb9c","modified":1731931105639},{"_id":"themes/geek/layout/service.ejs","hash":"db1ba474d86d0f25649b7f2d643034c76e9593da","modified":1731931105639},{"_id":"themes/geek/layout/services.ejs","hash":"bcfe90d1c74ef38f29b2edb387f572e09178f8ed","modified":1731931105639},{"_id":"themes/geek/source/css/prism-ghcolors.css","hash":"3a4c5dac53237ccd3aa6d020d986d502984cbc59","modified":1731931105639},{"_id":"themes/geek/source/css/style.css","hash":"1200c16bc0c01cae2830cb7cbe945f9f9ec3a2d2","modified":1731945595916},{"_id":"themes/geek/source/images/cloud.jpg","hash":"704c83955b3abd2d3da0aba13980bef2dd28f079","modified":1731931105639},{"_id":"themes/geek/source/images/mobile-apps.jpg","hash":"c6911a9382a7156989560b80331c1ed260d32c15","modified":1731931105639},{"_id":"themes/geek/source/images/web-dev.jpg","hash":"6f78ad0c549a56d1ac157f672671a1e55036467c","modified":1731931105639},{"_id":"themes/geek/source/js/main.js","hash":"2045f5fe52593e2ae86a4f021e524c6efa746371","modified":1731931105639},{"_id":"themes/geek/source/js/search.js","hash":"bdf1fed768d623b63545499a9c6c627e6d120d6a","modified":1731931105639},{"_id":"public/search.json","hash":"1f0f09627f10542466adb0cab0a2e909f8d6cea8","modified":1731941940775},{"_id":"public/css/style.css","hash":"e8a9cf7e7cc6ddfc21b42b607ae4edaa9c7a8493","modified":1731941940775},{"_id":"public/js/main.js","hash":"2045f5fe52593e2ae86a4f021e524c6efa746371","modified":1731941940775},{"_id":"public/js/search.js","hash":"bdf1fed768d623b63545499a9c6c627e6d120d6a","modified":1731941940775},{"_id":"public/about/index.html","hash":"ddb3ed033e9acd695a64b75c20a304cb75120b74","modified":1731941940775},{"_id":"public/services/index.html","hash":"5a6ec29693c4d84c447e32f9bac4802164642368","modified":1731941940775},{"_id":"public/services/cloud/index.html","hash":"e8af7da1de1053a3424bae023cc4b40f5468e8f3","modified":1731941940775},{"_id":"public/services/mobile-apps/index.html","hash":"523625f825cad7681e56b0931b1b9c5556fb4f92","modified":1731941940775},{"_id":"public/services/web-development/index.html","hash":"955266063f40896db41c14655780e7a0ecbd1f0e","modified":1731941940775},{"_id":"public/2024/01/01/hello-world/index.html","hash":"b84b3f38817647b1e6bf28718741d26c33904caa","modified":1731941940775},{"_id":"public/archives/index.html","hash":"340663f901e1725e1bdfec3e385ee021353b561b","modified":1731941940775},{"_id":"public/archives/2024/index.html","hash":"340663f901e1725e1bdfec3e385ee021353b561b","modified":1731941940775},{"_id":"public/archives/2024/01/index.html","hash":"340663f901e1725e1bdfec3e385ee021353b561b","modified":1731941940775},{"_id":"public/categories/linux/index.html","hash":"340663f901e1725e1bdfec3e385ee021353b561b","modified":1731941940775},{"_id":"public/categories/linux/x/index.html","hash":"340663f901e1725e1bdfec3e385ee021353b561b","modified":1731941940775},{"_id":"public/index.html","hash":"6d9cffc5816d9331a5d4fe2d2a7f9dc2a82c8145","modified":1731941940775},{"_id":"public/images/cloud.jpg","hash":"704c83955b3abd2d3da0aba13980bef2dd28f079","modified":1731941940775},{"_id":"public/images/mobile-apps.jpg","hash":"c6911a9382a7156989560b80331c1ed260d32c15","modified":1731941940775},{"_id":"public/images/web-dev.jpg","hash":"6f78ad0c549a56d1ac157f672671a1e55036467c","modified":1731941940775},{"_id":"public/css/prism-ghcolors.css","hash":"efa4a6e82e8063a811cdfd95f40ec78a387b79c1","modified":1731941940775},{"_id":"public/css/prism-line-numbers.css","hash":"a1692758d22c6cdf6fd1a8dafc9b4b98e41d3138","modified":1731941940775},{"_id":"source/categories/index.md","hash":"ebb13df70987d83f7031f205e3d7f239d304cad1","modified":1731945595916},{"_id":"themes/geek/layout/category.ejs","hash":"cd5785b185f5211352ce6889f6f00af6d214a115","modified":1731945595916}],"Category":[{"name":"linux","_id":"cm3mz7vfw00030f1n4j4dbr7m"},{"name":"x","parent":"cm3mz7vfw00030f1n4j4dbr7m","_id":"cm3mzhpq800000n1ncp8zdzt2"}],"Data":[{"_id":"services","data":[{"name":"Temporary Image","description":"My personal Image bed","icon":"fas fa-upload","url":"https://bed.423327.xyz/"},{"name":"Mobile Apps","description":"Native and cross-platform mobile applications","icon":"fas fa-mobile-alt","url":"https://example.com/mobile-apps"},{"name":"Alist","description":"My personal storage manager","icon":"fas fa-cloud","url":"https://alist.009100.xyz/"}]}],"Page":[{"title":"About","layout":"page","_content":"\n# About Me\n\nWelcome to my geek blog! This is where I share my thoughts about technology, programming, and other geeky stuff.","source":"about/index.md","raw":"---\ntitle: About\nlayout: page\n---\n\n# About Me\n\nWelcome to my geek blog! This is where I share my thoughts about technology, programming, and other geeky stuff.","date":"2024-11-18T11:58:25.639Z","updated":"2024-11-18T11:58:25.639Z","path":"about/index.html","comments":1,"_id":"cm3mz7vfo00000f1nb4j10ofo","content":"<h1 id=\"About-Me\"><a href=\"#About-Me\" class=\"headerlink\" title=\"About Me\"></a>About Me</h1><p>Welcome to my geek blog! This is where I share my thoughts about technology, programming, and other geeky stuff.</p>\n","site":{"data":{"services":[{"name":"Web Development","description":"Custom web applications and websites built with modern technologies","icon":"fas fa-code","url":"https://example.com/web-dev"},{"name":"Mobile Apps","description":"Native and cross-platform mobile applications","icon":"fas fa-mobile-alt","url":"https://example.com/mobile-apps"},{"name":"Cloud Solutions","description":"Scalable cloud infrastructure and DevOps services","icon":"fas fa-cloud","url":"https://example.com/cloud"}]}},"excerpt":"","more":"<h1 id=\"About-Me\"><a href=\"#About-Me\" class=\"headerlink\" title=\"About Me\"></a>About Me</h1><p>Welcome to my geek blog! This is where I share my thoughts about technology, programming, and other geeky stuff.</p>\n"},{"title":"Our Services","layout":"services","_content":"\nWelcome to our services page. We offer a comprehensive range of technology solutions to help your business succeed.","source":"services/index.md","raw":"---\ntitle: Our Services\nlayout: services\n---\n\nWelcome to our services page. We offer a comprehensive range of technology solutions to help your business succeed.","date":"2024-11-18T11:58:25.639Z","updated":"2024-11-18T11:58:25.639Z","path":"services/index.html","comments":1,"_id":"cm3mz7vfv00020f1ndie7bhss","content":"<p>Welcome to our services page. We offer a comprehensive range of technology solutions to help your business succeed.</p>\n","site":{"data":{"services":[{"name":"Web Development","description":"Custom web applications and websites built with modern technologies","icon":"fas fa-code","url":"https://example.com/web-dev"},{"name":"Mobile Apps","description":"Native and cross-platform mobile applications","icon":"fas fa-mobile-alt","url":"https://example.com/mobile-apps"},{"name":"Cloud Solutions","description":"Scalable cloud infrastructure and DevOps services","icon":"fas fa-cloud","url":"https://example.com/cloud"}]}},"excerpt":"","more":"<p>Welcome to our services page. We offer a comprehensive range of technology solutions to help your business succeed.</p>\n"},{"title":"Cloud Solutions","layout":"service","_content":"\n# Cloud Solutions\n\nEnterprise-grade cloud solutions for modern businesses.\n\n## Our Cloud Services\n- Cloud Migration\n- Cloud Architecture Design\n- DevOps Implementation\n- Containerization\n- Serverless Solutions\n- Cloud Security\n\n## Platforms We Work With\n- AWS\n- Google Cloud\n- Microsoft Azure\n- Docker & Kubernetes\n- CI/CD Implementation\n- Infrastructure as Code","source":"services/cloud/index.md","raw":"---\ntitle: Cloud Solutions\nlayout: service\n---\n\n# Cloud Solutions\n\nEnterprise-grade cloud solutions for modern businesses.\n\n## Our Cloud Services\n- Cloud Migration\n- Cloud Architecture Design\n- DevOps Implementation\n- Containerization\n- Serverless Solutions\n- Cloud Security\n\n## Platforms We Work With\n- AWS\n- Google Cloud\n- Microsoft Azure\n- Docker & Kubernetes\n- CI/CD Implementation\n- Infrastructure as Code","date":"2024-11-18T11:58:25.639Z","updated":"2024-11-18T11:58:25.639Z","path":"services/cloud/index.html","comments":1,"_id":"cm3mz7vfx00040f1n3eud6t2j","content":"<h1 id=\"Cloud-Solutions\"><a href=\"#Cloud-Solutions\" class=\"headerlink\" title=\"Cloud Solutions\"></a>Cloud Solutions</h1><p>Enterprise-grade cloud solutions for modern businesses.</p>\n<h2 id=\"Our-Cloud-Services\"><a href=\"#Our-Cloud-Services\" class=\"headerlink\" title=\"Our Cloud Services\"></a>Our Cloud Services</h2><ul>\n<li>Cloud Migration</li>\n<li>Cloud Architecture Design</li>\n<li>DevOps Implementation</li>\n<li>Containerization</li>\n<li>Serverless Solutions</li>\n<li>Cloud Security</li>\n</ul>\n<h2 id=\"Platforms-We-Work-With\"><a href=\"#Platforms-We-Work-With\" class=\"headerlink\" title=\"Platforms We Work With\"></a>Platforms We Work With</h2><ul>\n<li>AWS</li>\n<li>Google Cloud</li>\n<li>Microsoft Azure</li>\n<li>Docker &amp; Kubernetes</li>\n<li>CI&#x2F;CD Implementation</li>\n<li>Infrastructure as Code</li>\n</ul>\n","site":{"data":{"services":[{"name":"Web Development","description":"Custom web applications and websites built with modern technologies","icon":"fas fa-code","url":"https://example.com/web-dev"},{"name":"Mobile Apps","description":"Native and cross-platform mobile applications","icon":"fas fa-mobile-alt","url":"https://example.com/mobile-apps"},{"name":"Cloud Solutions","description":"Scalable cloud infrastructure and DevOps services","icon":"fas fa-cloud","url":"https://example.com/cloud"}]}},"excerpt":"","more":"<h1 id=\"Cloud-Solutions\"><a href=\"#Cloud-Solutions\" class=\"headerlink\" title=\"Cloud Solutions\"></a>Cloud Solutions</h1><p>Enterprise-grade cloud solutions for modern businesses.</p>\n<h2 id=\"Our-Cloud-Services\"><a href=\"#Our-Cloud-Services\" class=\"headerlink\" title=\"Our Cloud Services\"></a>Our Cloud Services</h2><ul>\n<li>Cloud Migration</li>\n<li>Cloud Architecture Design</li>\n<li>DevOps Implementation</li>\n<li>Containerization</li>\n<li>Serverless Solutions</li>\n<li>Cloud Security</li>\n</ul>\n<h2 id=\"Platforms-We-Work-With\"><a href=\"#Platforms-We-Work-With\" class=\"headerlink\" title=\"Platforms We Work With\"></a>Platforms We Work With</h2><ul>\n<li>AWS</li>\n<li>Google Cloud</li>\n<li>Microsoft Azure</li>\n<li>Docker &amp; Kubernetes</li>\n<li>CI&#x2F;CD Implementation</li>\n<li>Infrastructure as Code</li>\n</ul>\n"},{"title":"Mobile App Development","layout":"service","_content":"\n# Mobile App Development\n\nWe create native and cross-platform mobile applications that deliver exceptional user experiences.\n\n## Our Services\n- iOS App Development\n- Android App Development\n- Cross-platform Development\n- App UI/UX Design\n- App Testing & QA\n- App Store Optimization\n\n## Technologies\n- Swift & SwiftUI\n- Kotlin & Jetpack Compose\n- React Native\n- Flutter\n- Native APIs Integration\n- Push Notifications","source":"services/mobile-apps/index.md","raw":"---\ntitle: Mobile App Development\nlayout: service\n---\n\n# Mobile App Development\n\nWe create native and cross-platform mobile applications that deliver exceptional user experiences.\n\n## Our Services\n- iOS App Development\n- Android App Development\n- Cross-platform Development\n- App UI/UX Design\n- App Testing & QA\n- App Store Optimization\n\n## Technologies\n- Swift & SwiftUI\n- Kotlin & Jetpack Compose\n- React Native\n- Flutter\n- Native APIs Integration\n- Push Notifications","date":"2024-11-18T11:58:25.639Z","updated":"2024-11-18T11:58:25.639Z","path":"services/mobile-apps/index.html","comments":1,"_id":"cm3mz7vfy00050f1n4fhi85mz","content":"<h1 id=\"Mobile-App-Development\"><a href=\"#Mobile-App-Development\" class=\"headerlink\" title=\"Mobile App Development\"></a>Mobile App Development</h1><p>We create native and cross-platform mobile applications that deliver exceptional user experiences.</p>\n<h2 id=\"Our-Services\"><a href=\"#Our-Services\" class=\"headerlink\" title=\"Our Services\"></a>Our Services</h2><ul>\n<li>iOS App Development</li>\n<li>Android App Development</li>\n<li>Cross-platform Development</li>\n<li>App UI&#x2F;UX Design</li>\n<li>App Testing &amp; QA</li>\n<li>App Store Optimization</li>\n</ul>\n<h2 id=\"Technologies\"><a href=\"#Technologies\" class=\"headerlink\" title=\"Technologies\"></a>Technologies</h2><ul>\n<li>Swift &amp; SwiftUI</li>\n<li>Kotlin &amp; Jetpack Compose</li>\n<li>React Native</li>\n<li>Flutter</li>\n<li>Native APIs Integration</li>\n<li>Push Notifications</li>\n</ul>\n","site":{"data":{"services":[{"name":"Web Development","description":"Custom web applications and websites built with modern technologies","icon":"fas fa-code","url":"https://example.com/web-dev"},{"name":"Mobile Apps","description":"Native and cross-platform mobile applications","icon":"fas fa-mobile-alt","url":"https://example.com/mobile-apps"},{"name":"Cloud Solutions","description":"Scalable cloud infrastructure and DevOps services","icon":"fas fa-cloud","url":"https://example.com/cloud"}]}},"excerpt":"","more":"<h1 id=\"Mobile-App-Development\"><a href=\"#Mobile-App-Development\" class=\"headerlink\" title=\"Mobile App Development\"></a>Mobile App Development</h1><p>We create native and cross-platform mobile applications that deliver exceptional user experiences.</p>\n<h2 id=\"Our-Services\"><a href=\"#Our-Services\" class=\"headerlink\" title=\"Our Services\"></a>Our Services</h2><ul>\n<li>iOS App Development</li>\n<li>Android App Development</li>\n<li>Cross-platform Development</li>\n<li>App UI&#x2F;UX Design</li>\n<li>App Testing &amp; QA</li>\n<li>App Store Optimization</li>\n</ul>\n<h2 id=\"Technologies\"><a href=\"#Technologies\" class=\"headerlink\" title=\"Technologies\"></a>Technologies</h2><ul>\n<li>Swift &amp; SwiftUI</li>\n<li>Kotlin &amp; Jetpack Compose</li>\n<li>React Native</li>\n<li>Flutter</li>\n<li>Native APIs Integration</li>\n<li>Push Notifications</li>\n</ul>\n"},{"title":"Web Development Services","layout":"service","_content":"\n# Web Development\n\nWe offer professional web development services using cutting-edge technologies:\n\n## Our Expertise\n- Frontend Development (React, Vue, Angular)\n- Backend Development (Node.js, Python, PHP)\n- Database Design & Implementation\n- API Development\n- Performance Optimization\n- Responsive Design\n\n## Why Choose Us\n- Modern tech stack\n- Scalable solutions\n- Clean, maintainable code\n- Performance-focused development\n- SEO-friendly implementations","source":"services/web-development/index.md","raw":"---\ntitle: Web Development Services\nlayout: service\n---\n\n# Web Development\n\nWe offer professional web development services using cutting-edge technologies:\n\n## Our Expertise\n- Frontend Development (React, Vue, Angular)\n- Backend Development (Node.js, Python, PHP)\n- Database Design & Implementation\n- API Development\n- Performance Optimization\n- Responsive Design\n\n## Why Choose Us\n- Modern tech stack\n- Scalable solutions\n- Clean, maintainable code\n- Performance-focused development\n- SEO-friendly implementations","date":"2024-11-18T11:58:25.639Z","updated":"2024-11-18T11:58:25.639Z","path":"services/web-development/index.html","comments":1,"_id":"cm3mz7vfy00060f1n45l641ev","content":"<h1 id=\"Web-Development\"><a href=\"#Web-Development\" class=\"headerlink\" title=\"Web Development\"></a>Web Development</h1><p>We offer professional web development services using cutting-edge technologies:</p>\n<h2 id=\"Our-Expertise\"><a href=\"#Our-Expertise\" class=\"headerlink\" title=\"Our Expertise\"></a>Our Expertise</h2><ul>\n<li>Frontend Development (React, Vue, Angular)</li>\n<li>Backend Development (Node.js, Python, PHP)</li>\n<li>Database Design &amp; Implementation</li>\n<li>API Development</li>\n<li>Performance Optimization</li>\n<li>Responsive Design</li>\n</ul>\n<h2 id=\"Why-Choose-Us\"><a href=\"#Why-Choose-Us\" class=\"headerlink\" title=\"Why Choose Us\"></a>Why Choose Us</h2><ul>\n<li>Modern tech stack</li>\n<li>Scalable solutions</li>\n<li>Clean, maintainable code</li>\n<li>Performance-focused development</li>\n<li>SEO-friendly implementations</li>\n</ul>\n","site":{"data":{"services":[{"name":"Web Development","description":"Custom web applications and websites built with modern technologies","icon":"fas fa-code","url":"https://example.com/web-dev"},{"name":"Mobile Apps","description":"Native and cross-platform mobile applications","icon":"fas fa-mobile-alt","url":"https://example.com/mobile-apps"},{"name":"Cloud Solutions","description":"Scalable cloud infrastructure and DevOps services","icon":"fas fa-cloud","url":"https://example.com/cloud"}]}},"excerpt":"","more":"<h1 id=\"Web-Development\"><a href=\"#Web-Development\" class=\"headerlink\" title=\"Web Development\"></a>Web Development</h1><p>We offer professional web development services using cutting-edge technologies:</p>\n<h2 id=\"Our-Expertise\"><a href=\"#Our-Expertise\" class=\"headerlink\" title=\"Our Expertise\"></a>Our Expertise</h2><ul>\n<li>Frontend Development (React, Vue, Angular)</li>\n<li>Backend Development (Node.js, Python, PHP)</li>\n<li>Database Design &amp; Implementation</li>\n<li>API Development</li>\n<li>Performance Optimization</li>\n<li>Responsive Design</li>\n</ul>\n<h2 id=\"Why-Choose-Us\"><a href=\"#Why-Choose-Us\" class=\"headerlink\" title=\"Why Choose Us\"></a>Why Choose Us</h2><ul>\n<li>Modern tech stack</li>\n<li>Scalable solutions</li>\n<li>Clean, maintainable code</li>\n<li>Performance-focused development</li>\n<li>SEO-friendly implementations</li>\n</ul>\n"},{"title":"Categories","layout":"category","_content":"","source":"categories/index.md","raw":"---\ntitle: Categories\nlayout: category\n---\n","date":"2024-11-18T15:59:55.916Z","updated":"2024-11-18T15:59:55.916Z","path":"categories/index.html","comments":1,"_id":"cm3n7oxji00000c1n0pr6cho0","content":"","site":{"data":{"services":[{"name":"Temporary Image","description":"My personal Image bed","icon":"fas fa-upload","url":"https://bed.423327.xyz/"},{"name":"Mobile Apps","description":"Native and cross-platform mobile applications","icon":"fas fa-mobile-alt","url":"https://example.com/mobile-apps"},{"name":"Alist","description":"My personal storage manager","icon":"fas fa-cloud","url":"https://alist.009100.xyz/"}]}},"excerpt":"","more":""}],"Post":[{"title":"linux 知识","date":"2024-01-01T04:00:00.000Z","excerpt":"Unlock the power of Linux with this comprehensive guide. From checking server status and managing files to configuring environment variables and handling firewall settings, this post covers essential Linux commands and operations. Whether you're a beginner or an experienced user, these tips will help you navigate and optimize your Linux environment with ease.","_content":"\n## 查看服务器情况\n\n```shell\n#查看硬盘使用情况\ndf -h\n#查看内存使用情况\nfree -h\n#查看块设备情况\nlsblk\n```\n\n## 服务器登陆\n\n```shell\n#ssh 用户名@ip地址 -p 端口号 -i 密钥地址\nssh root@206.190.232.205 -p 26838 -i /Users/eddieho/hx_for_hob/ssa/bwg_jp\n# 使用管理员权限\nsudo -i\n```\n\n## 安装相关依赖\n\n```shell\nyum -y install wget\nyum update -y && yum install curl -y\n```\n\n## 常用 vm 测试\n\n```shell\nwget -qO- bench.sh | bash\n```\n\n## 查看 ip\n\n```shell\n#查看公网ip\ncurl -s http://tnx.nl/ip\n#\nifconfig -a\n```\n\n## 文件夹操作\n\n```shell\n# 移动或者改名\nmv mynginx/ myblog/\n# 创建\nmkdir myblog\n# 删除\nrm myblog\nrm -rf blog\n```\n\n## 处理防火墙\n\n```shell\n#停止firewall\nsystemctl stop firewalld.service\n#禁止firewall开机启动\nsystemctl disable firewalld.service\n#关闭iptables\nservice iptables stop\n#去掉iptables开机启动\nchkconfig iptables off\n```\n\n## 环境变量\n\n```shell\n# 直接用export命令\nexport PATH=$PATH:/opt/au1200_rm/build_tools/bin\n# 修改profile文件\nvi /etc/profile\nexport PATH=\"$PATH:/opt/au1200_rm/build_tools/bin\"\nsource /etc/profile\n# 修改.bashrc文件\n vi /root/.bashrc\nexport PATH=\"$PATH:/opt/au1200_rm/build_tools/bin\"\n# 修改.bashrc\nvi ~/.bashrc\nalias v2ray=/usr/local/sbin/v2ray\n```\n\n## 日期&&时间\n\n```sh\n# 当前时间\ndate\n- Tue 14 Nov 2023 04:13:21 PM UTC\n# 当前时区\ntimedatectl\n- Local time: Tue 2023-11-14 16:14:00 UTC\n           Universal time: Tue 2023-11-14 16:14:00 UTC\n                 RTC time: Tue 2023-11-14 16:14:01\n                Time zone: Etc/UTC (UTC, +0000)\n- System clock synchronized: yes\n              NTP service: active\n          RTC in local TZ: no\n\n# 修改时区为上海\ntimedatectl set-timezone Asia/Shanghai\n```\n","source":"_posts/hello-world.md","raw":"---\ntitle: linux 知识\ndate: 2024-01-01 12:00:00\ncategories: \n  - linux\n  - x\nexcerpt: \"Unlock the power of Linux with this comprehensive guide. From checking server status and managing files to configuring environment variables and handling firewall settings, this post covers essential Linux commands and operations. Whether you're a beginner or an experienced user, these tips will help you navigate and optimize your Linux environment with ease.\"\n---\n\n## 查看服务器情况\n\n```shell\n#查看硬盘使用情况\ndf -h\n#查看内存使用情况\nfree -h\n#查看块设备情况\nlsblk\n```\n\n## 服务器登陆\n\n```shell\n#ssh 用户名@ip地址 -p 端口号 -i 密钥地址\nssh root@206.190.232.205 -p 26838 -i /Users/eddieho/hx_for_hob/ssa/bwg_jp\n# 使用管理员权限\nsudo -i\n```\n\n## 安装相关依赖\n\n```shell\nyum -y install wget\nyum update -y && yum install curl -y\n```\n\n## 常用 vm 测试\n\n```shell\nwget -qO- bench.sh | bash\n```\n\n## 查看 ip\n\n```shell\n#查看公网ip\ncurl -s http://tnx.nl/ip\n#\nifconfig -a\n```\n\n## 文件夹操作\n\n```shell\n# 移动或者改名\nmv mynginx/ myblog/\n# 创建\nmkdir myblog\n# 删除\nrm myblog\nrm -rf blog\n```\n\n## 处理防火墙\n\n```shell\n#停止firewall\nsystemctl stop firewalld.service\n#禁止firewall开机启动\nsystemctl disable firewalld.service\n#关闭iptables\nservice iptables stop\n#去掉iptables开机启动\nchkconfig iptables off\n```\n\n## 环境变量\n\n```shell\n# 直接用export命令\nexport PATH=$PATH:/opt/au1200_rm/build_tools/bin\n# 修改profile文件\nvi /etc/profile\nexport PATH=\"$PATH:/opt/au1200_rm/build_tools/bin\"\nsource /etc/profile\n# 修改.bashrc文件\n vi /root/.bashrc\nexport PATH=\"$PATH:/opt/au1200_rm/build_tools/bin\"\n# 修改.bashrc\nvi ~/.bashrc\nalias v2ray=/usr/local/sbin/v2ray\n```\n\n## 日期&&时间\n\n```sh\n# 当前时间\ndate\n- Tue 14 Nov 2023 04:13:21 PM UTC\n# 当前时区\ntimedatectl\n- Local time: Tue 2023-11-14 16:14:00 UTC\n           Universal time: Tue 2023-11-14 16:14:00 UTC\n                 RTC time: Tue 2023-11-14 16:14:01\n                Time zone: Etc/UTC (UTC, +0000)\n- System clock synchronized: yes\n              NTP service: active\n          RTC in local TZ: no\n\n# 修改时区为上海\ntimedatectl set-timezone Asia/Shanghai\n```\n","slug":"hello-world","published":1,"updated":"2024-11-18T12:10:25.811Z","_id":"cm3mz7vfs00010f1n57ofdzco","comments":1,"layout":"post","photos":[],"link":"","content":"<h2 id=\"查看服务器情况\"><a href=\"#查看服务器情况\" class=\"headerlink\" title=\"查看服务器情况\"></a>查看服务器情况</h2><pre class=\"line-numbers language-shell\"><code class=\"language-shell\">#查看硬盘使用情况\ndf -h\n#查看内存使用情况\nfree -h\n#查看块设备情况\nlsblk\n<span aria-hidden=\"true\" class=\"line-numbers-rows\"><span></span><span></span><span></span><span></span><span></span><span></span></span></code></pre>\n<h2 id=\"服务器登陆\"><a href=\"#服务器登陆\" class=\"headerlink\" title=\"服务器登陆\"></a>服务器登陆</h2><pre class=\"line-numbers language-shell\"><code class=\"language-shell\">#ssh 用户名@ip地址 -p 端口号 -i 密钥地址\nssh root@206.190.232.205 -p 26838 -i /Users/eddieho/hx_for_hob/ssa/bwg_jp\n# 使用管理员权限\nsudo -i\n<span aria-hidden=\"true\" class=\"line-numbers-rows\"><span></span><span></span><span></span><span></span></span></code></pre>\n<h2 id=\"安装相关依赖\"><a href=\"#安装相关依赖\" class=\"headerlink\" title=\"安装相关依赖\"></a>安装相关依赖</h2><pre class=\"line-numbers language-shell\"><code class=\"language-shell\">yum -y install wget\nyum update -y && yum install curl -y\n<span aria-hidden=\"true\" class=\"line-numbers-rows\"><span></span><span></span></span></code></pre>\n<h2 id=\"常用-vm-测试\"><a href=\"#常用-vm-测试\" class=\"headerlink\" title=\"常用 vm 测试\"></a>常用 vm 测试</h2><pre class=\"line-numbers language-shell\"><code class=\"language-shell\">wget -qO- bench.sh | bash\n<span aria-hidden=\"true\" class=\"line-numbers-rows\"><span></span></span></code></pre>\n<h2 id=\"查看-ip\"><a href=\"#查看-ip\" class=\"headerlink\" title=\"查看 ip\"></a>查看 ip</h2><pre class=\"line-numbers language-shell\"><code class=\"language-shell\">#查看公网ip\ncurl -s http://tnx.nl/ip\n#\nifconfig -a\n<span aria-hidden=\"true\" class=\"line-numbers-rows\"><span></span><span></span><span></span><span></span></span></code></pre>\n<h2 id=\"文件夹操作\"><a href=\"#文件夹操作\" class=\"headerlink\" title=\"文件夹操作\"></a>文件夹操作</h2><pre class=\"line-numbers language-shell\"><code class=\"language-shell\"># 移动或者改名\nmv mynginx/ myblog/\n# 创建\nmkdir myblog\n# 删除\nrm myblog\nrm -rf blog\n<span aria-hidden=\"true\" class=\"line-numbers-rows\"><span></span><span></span><span></span><span></span><span></span><span></span><span></span></span></code></pre>\n<h2 id=\"处理防火墙\"><a href=\"#处理防火墙\" class=\"headerlink\" title=\"处理防火墙\"></a>处理防火墙</h2><pre class=\"line-numbers language-shell\"><code class=\"language-shell\">#停止firewall\nsystemctl stop firewalld.service\n#禁止firewall开机启动\nsystemctl disable firewalld.service\n#关闭iptables\nservice iptables stop\n#去掉iptables开机启动\nchkconfig iptables off\n<span aria-hidden=\"true\" class=\"line-numbers-rows\"><span></span><span></span><span></span><span></span><span></span><span></span><span></span><span></span></span></code></pre>\n<h2 id=\"环境变量\"><a href=\"#环境变量\" class=\"headerlink\" title=\"环境变量\"></a>环境变量</h2><pre class=\"line-numbers language-shell\"><code class=\"language-shell\"># 直接用export命令\nexport PATH=$PATH:/opt/au1200_rm/build_tools/bin\n# 修改profile文件\nvi /etc/profile\nexport PATH=\"$PATH:/opt/au1200_rm/build_tools/bin\"\nsource /etc/profile\n# 修改.bashrc文件\n vi /root/.bashrc\nexport PATH=\"$PATH:/opt/au1200_rm/build_tools/bin\"\n# 修改.bashrc\nvi ~/.bashrc\nalias v2ray=/usr/local/sbin/v2ray\n<span aria-hidden=\"true\" class=\"line-numbers-rows\"><span></span><span></span><span></span><span></span><span></span><span></span><span></span><span></span><span></span><span></span><span></span><span></span></span></code></pre>\n<h2 id=\"日期-时间\"><a href=\"#日期-时间\" class=\"headerlink\" title=\"日期&amp;&amp;时间\"></a>日期&amp;&amp;时间</h2><pre class=\"line-numbers language-sh\"><code class=\"language-sh\"># 当前时间\ndate\n- Tue 14 Nov 2023 04:13:21 PM UTC\n# 当前时区\ntimedatectl\n- Local time: Tue 2023-11-14 16:14:00 UTC\n           Universal time: Tue 2023-11-14 16:14:00 UTC\n                 RTC time: Tue 2023-11-14 16:14:01\n                Time zone: Etc/UTC (UTC, +0000)\n- System clock synchronized: yes\n              NTP service: active\n          RTC in local TZ: no\n\n# 修改时区为上海\ntimedatectl set-timezone Asia/Shanghai\n<span aria-hidden=\"true\" class=\"line-numbers-rows\"><span></span><span></span><span></span><span></span><span></span><span></span><span></span><span></span><span></span><span></span><span></span><span></span><span></span><span></span><span></span></span></code></pre>\n","site":{"data":{"services":[{"name":"Web Development","description":"Custom web applications and websites built with modern technologies","icon":"fas fa-code","url":"https://example.com/web-dev"},{"name":"Mobile Apps","description":"Native and cross-platform mobile applications","icon":"fas fa-mobile-alt","url":"https://example.com/mobile-apps"},{"name":"Cloud Solutions","description":"Scalable cloud infrastructure and DevOps services","icon":"fas fa-cloud","url":"https://example.com/cloud"}]}},"more":"<h2 id=\"查看服务器情况\"><a href=\"#查看服务器情况\" class=\"headerlink\" title=\"查看服务器情况\"></a>查看服务器情况</h2><pre><code class=\"shell\">#查看硬盘使用情况\ndf -h\n#查看内存使用情况\nfree -h\n#查看块设备情况\nlsblk\n</code></pre>\n<h2 id=\"服务器登陆\"><a href=\"#服务器登陆\" class=\"headerlink\" title=\"服务器登陆\"></a>服务器登陆</h2><pre><code class=\"shell\">#ssh 用户名@ip地址 -p 端口号 -i 密钥地址\nssh root@206.190.232.205 -p 26838 -i /Users/eddieho/hx_for_hob/ssa/bwg_jp\n# 使用管理员权限\nsudo -i\n</code></pre>\n<h2 id=\"安装相关依赖\"><a href=\"#安装相关依赖\" class=\"headerlink\" title=\"安装相关依赖\"></a>安装相关依赖</h2><pre><code class=\"shell\">yum -y install wget\nyum update -y &amp;&amp; yum install curl -y\n</code></pre>\n<h2 id=\"常用-vm-测试\"><a href=\"#常用-vm-测试\" class=\"headerlink\" title=\"常用 vm 测试\"></a>常用 vm 测试</h2><pre><code class=\"shell\">wget -qO- bench.sh | bash\n</code></pre>\n<h2 id=\"查看-ip\"><a href=\"#查看-ip\" class=\"headerlink\" title=\"查看 ip\"></a>查看 ip</h2><pre><code class=\"shell\">#查看公网ip\ncurl -s http://tnx.nl/ip\n#\nifconfig -a\n</code></pre>\n<h2 id=\"文件夹操作\"><a href=\"#文件夹操作\" class=\"headerlink\" title=\"文件夹操作\"></a>文件夹操作</h2><pre><code class=\"shell\"># 移动或者改名\nmv mynginx/ myblog/\n# 创建\nmkdir myblog\n# 删除\nrm myblog\nrm -rf blog\n</code></pre>\n<h2 id=\"处理防火墙\"><a href=\"#处理防火墙\" class=\"headerlink\" title=\"处理防火墙\"></a>处理防火墙</h2><pre><code class=\"shell\">#停止firewall\nsystemctl stop firewalld.service\n#禁止firewall开机启动\nsystemctl disable firewalld.service\n#关闭iptables\nservice iptables stop\n#去掉iptables开机启动\nchkconfig iptables off\n</code></pre>\n<h2 id=\"环境变量\"><a href=\"#环境变量\" class=\"headerlink\" title=\"环境变量\"></a>环境变量</h2><pre><code class=\"shell\"># 直接用export命令\nexport PATH=$PATH:/opt/au1200_rm/build_tools/bin\n# 修改profile文件\nvi /etc/profile\nexport PATH=&quot;$PATH:/opt/au1200_rm/build_tools/bin&quot;\nsource /etc/profile\n# 修改.bashrc文件\n vi /root/.bashrc\nexport PATH=&quot;$PATH:/opt/au1200_rm/build_tools/bin&quot;\n# 修改.bashrc\nvi ~/.bashrc\nalias v2ray=/usr/local/sbin/v2ray\n</code></pre>\n<h2 id=\"日期-时间\"><a href=\"#日期-时间\" class=\"headerlink\" title=\"日期&amp;&amp;时间\"></a>日期&amp;&amp;时间</h2><pre><code class=\"sh\"># 当前时间\ndate\n- Tue 14 Nov 2023 04:13:21 PM UTC\n# 当前时区\ntimedatectl\n- Local time: Tue 2023-11-14 16:14:00 UTC\n           Universal time: Tue 2023-11-14 16:14:00 UTC\n                 RTC time: Tue 2023-11-14 16:14:01\n                Time zone: Etc/UTC (UTC, +0000)\n- System clock synchronized: yes\n              NTP service: active\n          RTC in local TZ: no\n\n# 修改时区为上海\ntimedatectl set-timezone Asia/Shanghai\n</code></pre>\n"}],"PostAsset":[],"PostCategory":[{"post_id":"cm3mz7vfs00010f1n57ofdzco","category_id":"cm3mz7vfw00030f1n4j4dbr7m","_id":"cm3mz7vfz00070f1n57wqf51h"},{"post_id":"cm3mz7vfs00010f1n57ofdzco","category_id":"cm3mzhpq800000n1ncp8zdzt2","_id":"cm3mzhpqa00010n1nfxhn1091"}],"PostTag":[],"Tag":[]}}